﻿<parameters>
  <parameter name="IIS Web Application Name" defaultValue="https://www.github.com/maryum426/AdminPanel.git" tags="IisApp">
    <parameterEntry kind="ProviderPath" scope="IisApp" match="^C:\\Users\\MARYUM\\Documents\\FYP\\PU_CampusTour\\PU_CampusTour\\obj\\Release\\Package\\PackageTmp$" />
    <parameterEntry kind="ProviderPath" scope="setAcl" match="^C:\\Users\\MARYUM\\Documents\\FYP\\PU_CampusTour\\PU_CampusTour\\obj\\Release\\Package\\PackageTmp$" />
  </parameter>
  <parameter name="Add write permission to App_Data Folder" description="Add write permission to App_Data folder" defaultValue="{IIS Web Application Name}/App_Data" tags="Hidden">
    <parameterEntry kind="ProviderPath" scope="setAcl" match="^C:\\Users\\MARYUM\\Documents\\FYP\\PU_CampusTour\\PU_CampusTour\\obj\\Release\\Package\\PackageTmp\\App_Data$" />
  </parameter>
  <parameter name="DatabaseEntities-Web.config Connection String" description="DatabaseEntities Connection String used in web.config by the application to access the database." defaultValue="metadata=res://*/Models.PU_Model.csdl|res://*/Models.PU_Model.ssdl|res://*/Models.PU_Model.msl;provider=System.Data.SqlClient;provider connection string=&quot;data source=.\SQLEXPRESS;attachdbfilename=|DataDirectory|\Database.mdf;integrated security=True;user instance=True;multipleactiveresultsets=True;App=EntityFramework&quot;" tags="SqlConnectionString">
    <parameterEntry kind="XmlFile" scope="C:\\Users\\MARYUM\\Documents\\FYP\\PU_CampusTour\\PU_CampusTour\\obj\\Release\\Package\\PackageTmp\\Web\.config$" match="/configuration/connectionStrings/add[@name='DatabaseEntities']/@connectionString" />
  </parameter>
  <parameter name="DatabaseEntities1-Web.config Connection String" description="DatabaseEntities1 Connection String used in web.config by the application to access the database." defaultValue="metadata=res://*/Models.Model.csdl|res://*/Models.Model.ssdl|res://*/Models.Model.msl;provider=System.Data.SqlClient;provider connection string=&quot;data source=.\SQLEXPRESS;attachdbfilename=|DataDirectory|\Database.mdf;integrated security=True;user instance=True;multipleactiveresultsets=True;App=EntityFramework&quot;" tags="SqlConnectionString">
    <parameterEntry kind="XmlFile" scope="C:\\Users\\MARYUM\\Documents\\FYP\\PU_CampusTour\\PU_CampusTour\\obj\\Release\\Package\\PackageTmp\\Web\.config$" match="/configuration/connectionStrings/add[@name='DatabaseEntities1']/@connectionString" />
  </parameter>
  <parameter name="DatabaseEntities2-Web.config Connection String" description="DatabaseEntities2 Connection String used in web.config by the application to access the database." defaultValue="metadata=res://*/Models.Model.csdl|res://*/Models.Model.ssdl|res://*/Models.Model.msl;provider=System.Data.SqlClient;provider connection string=&quot;data source=.\SQLEXPRESS;attachdbfilename=|DataDirectory|\Database.mdf;integrated security=True;user instance=True;multipleactiveresultsets=True;App=EntityFramework&quot;" tags="SqlConnectionString">
    <parameterEntry kind="XmlFile" scope="C:\\Users\\MARYUM\\Documents\\FYP\\PU_CampusTour\\PU_CampusTour\\obj\\Release\\Package\\PackageTmp\\Web\.config$" match="/configuration/connectionStrings/add[@name='DatabaseEntities2']/@connectionString" />
  </parameter>
  <parameter name="DatabaseEntities3-Web.config Connection String" description="DatabaseEntities3 Connection String used in web.config by the application to access the database." defaultValue="metadata=res://*/Models.Model.csdl|res://*/Models.Model.ssdl|res://*/Models.Model.msl;provider=System.Data.SqlClient;provider connection string=&quot;data source=.\SQLEXPRESS;attachdbfilename=|DataDirectory|\Database.mdf;integrated security=True;user instance=True;multipleactiveresultsets=True;App=EntityFramework&quot;" tags="SqlConnectionString">
    <parameterEntry kind="XmlFile" scope="C:\\Users\\MARYUM\\Documents\\FYP\\PU_CampusTour\\PU_CampusTour\\obj\\Release\\Package\\PackageTmp\\Web\.config$" match="/configuration/connectionStrings/add[@name='DatabaseEntities3']/@connectionString" />
  </parameter>
  <parameter name="DatabaseEntities4-Web.config Connection String" description="DatabaseEntities4 Connection String used in web.config by the application to access the database." defaultValue="metadata=res://*/Models.Model1.csdl|res://*/Models.Model1.ssdl|res://*/Models.Model1.msl;provider=System.Data.SqlClient;provider connection string=&quot;data source=.\SQLEXPRESS;attachdbfilename=|DataDirectory|\Database.mdf;integrated security=True;user instance=True;multipleactiveresultsets=True;App=EntityFramework&quot;" tags="SqlConnectionString">
    <parameterEntry kind="XmlFile" scope="C:\\Users\\MARYUM\\Documents\\FYP\\PU_CampusTour\\PU_CampusTour\\obj\\Release\\Package\\PackageTmp\\Web\.config$" match="/configuration/connectionStrings/add[@name='DatabaseEntities4']/@connectionString" />
  </parameter>
</parameters>